country,area
Kenya,430.553676422837
Tanzania,1144.18598351684
Mozambique,3387.10090000006
Madagascar,2803.22231814856
